{
    "0": {
        "1": 3.05,
        "2": 24.65,
        "3": 6.5,
        "4": 5.883333333333334,
        "5": 2.816666666666667,
        "6": 4.583333333333333,
        "7": 4.2,
        "8": 7.2,
        "9": 2.95,
        "10": 6.216666666666667,
        "11": 10.466666666666667,
        "12": 7.666666666666667
    },
    "1": {
        "0": 3.066666666666667,
        "2": 24.766666666666666,
        "3": 4.766666666666667,
        "4": 8.566666666666666,
        "5": 3.2333333333333334,
        "6": 1.4,
        "7": 4.266666666666667,
        "8": 4.483333333333333,
        "9": 0.9666666666666667,
        "10": 3.5,
        "11": 8.883333333333333,
        "12": 4.933333333333334
    },
    "2": {
        "0": 22.916666666666668,
        "1": 20.65,
        "3": 20.516666666666666,
        "4": 24.716666666666665,
        "5": 23.916666666666668,
        "6": 21.483333333333334,
        "7": 29.6,
        "8": 22.133333333333333,
        "9": 20.333333333333332,
        "10": 21.866666666666667,
        "11": 20.816666666666666,
        "12": 24.083333333333332
    },
    "3": {
        "0": 6.683333333333334,
        "1": 4.883333333333334,
        "2": 25.133333333333333,
        "4": 12.516666666666667,
        "5": 6.566666666666666,
        "6": 3.8666666666666667,
        "7": 7.716666666666667,
        "8": 1.6333333333333333,
        "9": 3.683333333333333,
        "10": 1.35,
        "11": 9.9,
        "12": 5.45
    },
    "4": {
        "0": 4.683333333333334,
        "1": 7.3,
        "2": 20.7,
        "3": 6.016666666666667,
        "5": 4.966666666666667,
        "6": 6.783333333333333,
        "7": 6.316666666666666,
        "8": 7.633333333333334,
        "9": 4.816666666666666,
        "10": 7.366666666666666,
        "11": 15.95,
        "12": 10.433333333333334
    },
    "5": {
        "0": 2.7666666666666666,
        "1": 3.15,
        "2": 23.75,
        "3": 6.366666666666666,
        "4": 8.333333333333334,
        "6": 2.6333333333333333,
        "7": 1.3833333333333333,
        "8": 6.083333333333333,
        "9": 4.283333333333333,
        "10": 5.1,
        "11": 11.8,
        "12": 5.5
    },
    "6": {
        "0": 4.566666666666666,
        "1": 1.3833333333333333,
        "2": 23.7,
        "3": 3.7333333333333334,
        "4": 10.233333333333333,
        "5": 2.716666666666667,
        "7": 3.75,
        "8": 3.45,
        "9": 2.25,
        "10": 2.466666666666667,
        "11": 9.616666666666667,
        "12": 3.9166666666666665
    },
    "7": {
        "0": 4.216666666666667,
        "1": 4.283333333333333,
        "2": 23.583333333333332,
        "3": 7.616666666666666,
        "4": 7.666666666666667,
        "5": 1.45,
        "6": 3.783333333333333,
        "8": 5.966666666666667,
        "9": 5.25,
        "10": 6.25,
        "11": 10.15,
        "12": 4.1
    },
    "8": {
        "0": 7.316666666666666,
        "1": 4.633333333333334,
        "2": 25.15,
        "3": 1.65,
        "4": 11.95,
        "5": 6.316666666666666,
        "6": 3.6,
        "7": 6.083333333333333,
        "9": 4.816666666666666,
        "10": 1.0833333333333333,
        "11": 9.366666666666667,
        "12": 3.8
    },
    "9": {
        "0": 3.0,
        "1": 1.0,
        "2": 24.683333333333334,
        "3": 3.55,
        "4": 8.5,
        "5": 4.383333333333334,
        "6": 2.316666666666667,
        "7": 5.283333333333333,
        "8": 4.733333333333333,
        "10": 3.7333333333333334,
        "11": 7.916666666666667,
        "12": 5.183333333333334
    },
    "10": {
        "0": 6.216666666666667,
        "1": 3.533333333333333,
        "2": 24.783333333333335,
        "3": 1.2666666666666666,
        "4": 11.716666666666667,
        "5": 5.216666666666667,
        "6": 2.5166666666666666,
        "7": 6.266666666666667,
        "8": 1.0,
        "9": 3.7333333333333334,
        "11": 10.383333333333333,
        "12": 4.1
    },
    "11": {
        "0": 20.366666666666667,
        "1": 12.183333333333334,
        "2": 23.016666666666666,
        "3": 10.066666666666666,
        "4": 14.633333333333333,
        "5": 11.016666666666667,
        "6": 11.666666666666666,
        "7": 9.883333333333333,
        "8": 8.416666666666666,
        "9": 13.15,
        "10": 9.516666666666667,
        "12": 8.25
    },
    "12": {
        "0": 7.716666666666667,
        "1": 5.016666666666667,
        "2": 27.733333333333334,
        "3": 5.4,
        "4": 12.566666666666666,
        "5": 5.616666666666666,
        "6": 4.0,
        "7": 4.15,
        "8": 3.7333333333333334,
        "9": 5.216666666666667,
        "10": 4.133333333333334,
        "11": 9.183333333333334
    }
}